ID,System_ID,System_Number,Link_ID,Sequence,Distance,Link_Length,Link_Label,From,To,Direction,Link,TMC,TMC_Code
1,1,"MA 10116
",-90784010,1,0.00,0.10,"CARATOKE HWY
","NC-34
","E RIDGE RD
","E
","link [hereA0110] -90784010
","tmc [hereA0110] 110-09303
","110N09303
"
2,1,"MA 10116",108633760,2,0.10,0.16,"CARATOKE HWY","E RIDGE RD",,E,"link [hereA0110] 108633760","tmc [hereA0110] 110-09303",110N09303
3,1,"MA 10116",128077388,3,0.27,0.16,"CARATOKE HWY",,"POYNER'S RD",E,"link [hereA0110] 128077388","tmc [hereA0110] 110-09303",110N09303
4,1,"MA 10116",90784008,4,0.43,0.19,"CARATOKE HWY","POYNER'S RD","WALNUT DR",E,"link [hereA0110] 90784008","tmc [hereA0110] 110-09303",110N09303
5,1,"MA 10116",128072716,5,0.61,0.10,"CARATOKE HWY","WALNUT DR",,E,"link [hereA0110] 128072716","tmc [hereA0110] 110-09303",110N09303
6,1,"MA 10116",128072715,6,0.71,1.09,"CARATOKE HWY",,"DOZIER RD",E,"link [hereA0110] 128072715","tmc [hereA0110] 110-09303",110N09303
7,1,"MA 10116",123633829,7,1.80,0.37,"CARATOKE HWY","DOZIER RD",,E,"link [hereA0110] 123633829","tmc [hereA0110] 110-09303",110N09303
8,1,"MA 10116",-123633828,8,2.17,0.45,"CARATOKE HWY",,"N CURRITUCK RD",E,"link [hereA0110] -123633828","tmc [hereA0110] 110-09303",110N09303
9,1,"MA 10116",-128072718,9,2.62,0.21,"CARATOKE HWY","N CURRITUCK RD","CURRITUCK SOUND DR",E,"link [hereA0110] -128072718","tmc [hereA0110] 110-09303",110N09303
10,1,"MA 10116",-1047857518,10,2.82,0.13,"CARATOKE HWY","CURRITUCK SOUND DR",,SE,"link [hereA0110] -1047857518","tmc [hereA0110] 110-09303",110N09303
11,1,"MA 10116",-1048081939,11,2.95,0.09,"CARATOKE HWY",,,SE,"link [hereA0110] -1048081939","tmc [hereA0110] 110-09303",110N09303
12,1,"MA 10116",-1048081938,12,3.04,0.18,"CARATOKE HWY",,"GARDNER FARM LN",SE,"link [hereA0110] -1048081938","tmc [hereA0110] 110-09303",110N09303
13,1,"MA 10116",-128073927,13,3.23,0.00,"CARATOKE HWY","GARDNER FARM LN","COURTHOUSE RD",SE,"link [hereA0110] -128073927","tmc [hereA0110] 110-09303",110N09303
14,1,"MA 10116",-108633764,14,3.23,0.27,"CARATOKE HWY","COURTHOUSE RD",,SE,"link [hereA0110] -108633764","tmc [hereA0110] 110-09303",110N09303
15,1,"MA 10116",-108633765,15,3.50,0.12,"CARATOKE HWY",,,SE,"link [hereA0110] -108633765","tmc [hereA0110] 110-09303",110N09303
16,1,"MA 10116",-90784000,16,3.62,0.02,"CARATOKE HWY",,"COURTHOUSE RD",SE,"link [hereA0110] -90784000","tmc [hereA0110] 110-09303",110N09303
17,1,"MA 10116",-128075963,17,3.65,0.14,"CARATOKE HWY","COURTHOUSE RD","ROMM PT",SE,"link [hereA0110] -128075963","tmc [hereA0110] 110-09302",110N09302
18,1,"MA 10116",-128073936,18,3.78,0.08,"CARATOKE HWY","ROMM PT","FERRELL LN",SE,"link [hereA0110] -128073936","tmc [hereA0110] 110-09302",110N09302
19,1,"MA 10116",-128073937,19,3.86,0.08,"CARATOKE HWY","FERRELL LN","KNAPP CT",SE,"link [hereA0110] -128073937","tmc [hereA0110] 110-09302",110N09302
20,1,"MA 10116",-1022489215,20,3.94,0.10,"CARATOKE HWY","KNAPP CT","LAUREL WOODS BLVD",SE,"link [hereA0110] -1022489215","tmc [hereA0110] 110-09302",110N09302
21,1,"MA 10116",-1111670416,21,4.04,0.08,"CARATOKE HWY","LAUREL WOODS BLVD","ENCHANTED FOREST DR",SE,"link [hereA0110] -1111670416","tmc [hereA0110] 110-09302",110N09302
22,1,"MA 10116",-1111670415,22,4.11,0.05,"CARATOKE HWY","ENCHANTED FOREST DR",,SE,"link [hereA0110] -1111670415","tmc [hereA0110] 110-09302",110N09302
23,1,"MA 10116",-916336327,23,4.17,0.02,"CARATOKE HWY",,"JBC SHORE RD",S,"link [hereA0110] -916336327","tmc [hereA0110] 110-09302",110N09302
24,1,"MA 10116",-113347866,24,4.19,0.34,"CARATOKE HWY","JBC SHORE RD","BELLS ISLAND RD",S,"link [hereA0110] -113347866","tmc [hereA0110] 110-09302",110N09302
25,1,"MA 10116",-128072785,25,4.53,0.47,"CARATOKE HWY","BELLS ISLAND RD","TAYLORS RD",S,"link [hereA0110] -128072785","tmc [hereA0110] 110-09302",110N09302
26,1,"MA 10116",-90783981,26,5.00,0.37,"CARATOKE HWY","TAYLORS RD","S CURRITUCK RD",S,"link [hereA0110] -90783981","tmc [hereA0110] 110-09302",110N09302
27,1,"MA 10116",-128072787,27,5.37,0.23,"CARATOKE HWY","S CURRITUCK RD","CHAMBERLIN LN",S,"link [hereA0110] -128072787","tmc [hereA0110] 110-09302",110N09302
28,1,"MA 10116",-128072786,28,5.60,0.06,"CARATOKE HWY","CHAMBERLIN LN","BRABBLE ST",S,"link [hereA0110] -128072786","tmc [hereA0110] 110-09302",110N09302
29,1,"MA 10116",-128073953,29,5.66,0.07,"CARATOKE HWY","BRABBLE ST","RATTLE RIDGE LN",S,"link [hereA0110] -128073953","tmc [hereA0110] 110-09302",110N09302
30,1,"MA 10116",-128073952,30,5.73,0.04,"CARATOKE HWY","RATTLE RIDGE LN","DELENA LN",S,"link [hereA0110] -128073952","tmc [hereA0110] 110-09302",110N09302
31,1,"MA 10116",-916342983,31,5.78,0.04,"CARATOKE HWY","DELENA LN",,S,"link [hereA0110] -916342983","tmc [hereA0110] 110-09302",110N09302
32,1,"MA 10116",-916342982,32,5.81,0.06,"CARATOKE HWY",,,S,"link [hereA0110] -916342982","tmc [hereA0110] 110-09302",110N09302
33,1,"MA 10116",-108633767,33,5.87,0.16,"CARATOKE HWY",,"MAPLE RD",S,"link [hereA0110] -108633767","tmc [hereA0110] 110-09302",110N09302
34,1,"MA 10116",-90783961,34,6.02,0.11,"CARATOKE HWY","MAPLE RD",,SE,"link [hereA0110] -90783961","tmc [hereA0110] 110-09302",110N09302
35,1,"MA 10116",-128072791,35,6.14,0.65,"CARATOKE HWY",,"HASTYS LN",SE,"link [hereA0110] -128072791","tmc [hereA0110] 110-09302",110N09302
36,1,"MA 10116",-128078136,36,6.79,0.17,"CARATOKE HWY","HASTYS LN","BAYSHORE CT",SE,"link [hereA0110] -128078136","tmc [hereA0110] 110-09302",110N09302
37,1,"MA 10116",-128078135,37,6.96,0.76,"CARATOKE HWY","BAYSHORE CT",,SE,"link [hereA0110] -128078135","tmc [hereA0110] 110-09302",110N09302
38,1,"MA 10116",-128075724,38,7.72,0.13,"CARATOKE HWY",,"ROBERTSON LN",SE,"link [hereA0110] -128075724","tmc [hereA0110] 110-09302",110N09302
39,1,"MA 10116",-128073957,39,7.84,0.01,"CARATOKE HWY","ROBERTSON LN","MAJORS IS",SE,"link [hereA0110] -128073957","tmc [hereA0110] 110-09302",110N09302
40,1,"MA 10116",-128073958,40,7.85,0.08,"CARATOKE HWY","MAJORS IS","ED SAWYER LN",SE,"link [hereA0110] -128073958","tmc [hereA0110] 110-09302",110N09302
41,1,"MA 10116",-128073959,41,7.93,0.03,"CARATOKE HWY","ED SAWYER LN",,SE,"link [hereA0110] -128073959","tmc [hereA0110] 110-09302",110N09302
42,1,"MA 10116",-108633771,42,7.96,0.12,"CARATOKE HWY",,"BARCO RD",SE,"link [hereA0110] -108633771","tmc [hereA0110] 110-09302",110N09302
43,1,"MA 10116",-128073965,43,8.08,0.03,"CARATOKE HWY","BARCO RD","FYVIE DR",SE,"link [hereA0110] -128073965","tmc [hereA0110] 110-09302",110N09302
44,1,"MA 10116",-128073964,44,8.11,0.08,"CARATOKE HWY","FYVIE DR","PAT'S WAY",SE,"link [hereA0110] -128073964","tmc [hereA0110] 110-09302",110N09302
45,1,"MA 10116",-128073963,45,8.19,0.17,"CARATOKE HWY","PAT'S WAY",,SE,"link [hereA0110] -128073963","tmc [hereA0110] 110-09302",110N09302
46,1,"MA 10116",-128066826,46,8.37,0.10,"CARATOKE HWY",,"SHORTCUT RD",SE,"link [hereA0110] -128066826","tmc [hereA0110] 110-09302",110N09302
47,1,"MA 10116",-108633774,47,8.47,0.10,"SHORTCUT RD","CARATOKE HWY",,SW,"link [hereA0110] -108633774","tmc [hereA0110] 110+08400",110P08400
48,1,"MA 10116",-108633773,48,8.57,0.15,,"SHORTCUT RD","CARATOKE HWY",E,"link [hereA0110] -108633773","tmc [hereA0110] 110-08400",110N08400
49,1,"MA 10116",-108633775,49,8.72,0.06,"CARATOKE HWY",,,SE,"link [hereA0110] -108633775","tmc [hereA0110] 110-16092",110N16092
50,1,"MA 10116",-128072797,50,8.77,0.09,"CARATOKE HWY",,"SIMPSON LN",SE,"link [hereA0110] -128072797","tmc [hereA0110] 110-16092",110N16092
51,1,"MA 10116",-108633780,51,8.86,0.57,"CARATOKE HWY","SIMPSON LN",,SE,"link [hereA0110] -108633780","tmc [hereA0110] 110-16092",110N16092
52,1,"MA 10116",-108633779,52,9.43,0.05,"CARATOKE HWY",,"SAM WILKINS LN",S,"link [hereA0110] -108633779","tmc [hereA0110] 110-16092",110N16092
53,1,"MA 10116",-128078145,53,9.49,0.12,"CARATOKE HWY","SAM WILKINS LN","CURRITUCK HIGH SCHOOL RD",S,"link [hereA0110] -128078145","tmc [hereA0110] 110-16092",110N16092
54,1,"MA 10116",-1046568604,54,9.61,0.09,"CARATOKE HWY","CURRITUCK HIGH SCHOOL RD",,S,"link [hereA0110] -1046568604","tmc [hereA0110] 110-16092",110N16092
55,1,"MA 10116",-1046568603,55,9.69,0.26,"CARATOKE HWY",,"CURRITUCK HIGH SCHOOL RD",S,"link [hereA0110] -1046568603","tmc [hereA0110] 110-16092",110N16092
56,1,"MA 10116",-108633781,56,9.95,0.09,"CARATOKE HWY","CURRITUCK HIGH SCHOOL RD",,SE,"link [hereA0110] -108633781","tmc [hereA0110] 110-16092",110N16092
57,1,"MA 10116",-128074231,57,10.04,0.69,"CARATOKE HWY",,"SIMMONS RD",SE,"link [hereA0110] -128074231","tmc [hereA0110] 110-16092",110N16092
58,1,"MA 10116",-128074230,58,10.74,0.24,"CARATOKE HWY","SIMMONS RD","COINJOCK VILLAGE DR",SE,"link [hereA0110] -128074230","tmc [hereA0110] 110-16092",110N16092
59,1,"MA 10116",-113348558,59,10.98,0.22,"CARATOKE HWY","COINJOCK VILLAGE DR","COINJOCK ACRES DR",SE,"link [hereA0110] -113348558","tmc [hereA0110] 110-16092",110N16092
60,1,"MA 10116",-128074234,60,11.20,0.07,"CARATOKE HWY","COINJOCK ACRES DR","TRAVIS CT",S,"link [hereA0110] -128074234","tmc [hereA0110] 110-16092",110N16092
61,1,"MA 10116",-128074233,61,11.26,0.04,"CARATOKE HWY","TRAVIS CT","FULLBRICK LN",S,"link [hereA0110] -128074233","tmc [hereA0110] 110-16092",110N16092
62,1,"MA 10116",-128074238,62,11.30,0.04,"CARATOKE HWY","FULLBRICK LN","WORTH GUARD RD",S,"link [hereA0110] -128074238","tmc [hereA0110] 110-16092",110N16092
63,1,"MA 10116",-128074237,63,11.34,0.57,"CARATOKE HWY","WORTH GUARD RD","JOSEPH PALMER KNAPP BRG",S,"link [hereA0110] -128074237","tmc [hereA0110] 110-16092",110N16092
64,1,"MA 10116",-108633835,64,11.92,0.61,"JOSEPH PALMER KNAPP BRG","CARATOKE HWY","CARATOKE HWY",SE,"link [hereA0110] -108633835","tmc [hereA0110] 110-16092",110N16092
65,1,"MA 10116",-108633836,65,12.52,0.17,"CARATOKE HWY","JOSEPH PALMER KNAPP BRG",,SE,"link [hereA0110] -108633836","tmc [hereA0110] 110-07650",110N07650
66,1,"MA 10116",-113348561,66,12.70,0.03,"CARATOKE HWY",,"WATERLILY RD",SE,"link [hereA0110] -113348561","tmc [hereA0110] 110-07650",110N07650
67,1,"MA 10116",-123634212,67,12.73,0.12,"CARATOKE HWY","WATERLILY RD","YOUNG RD",SE,"link [hereA0110] -123634212","tmc [hereA0110] 110-07650",110N07650
68,1,"MA 10116",-128072801,68,12.85,0.15,"CARATOKE HWY","YOUNG RD",,SE,"link [hereA0110] -128072801","tmc [hereA0110] 110-07650",110N07650
69,1,"MA 10116",-128074382,69,13.00,0.26,"CARATOKE HWY",,"MARKERT RD",SE,"link [hereA0110] -128074382","tmc [hereA0110] 110-07650",110N07650
70,1,"MA 10116",-128074381,70,13.26,0.52,"CARATOKE HWY","MARKERT RD","AYDLETT RD",SE,"link [hereA0110] -128074381","tmc [hereA0110] 110-07650",110N07650
71,1,"MA 10116",-128078140,71,13.78,1.18,"CARATOKE HWY","AYDLETT RD",,SE,"link [hereA0110] -128078140","tmc [hereA0110] 110-07650",110N07650
72,1,"MA 10116",-128078139,72,14.97,0.09,"CARATOKE HWY",,,SE,"link [hereA0110] -128078139","tmc [hereA0110] 110-07650",110N07650
73,1,"MA 10116",-128078138,73,15.05,1.66,"CARATOKE HWY",,"ARK CT",SE,"link [hereA0110] -128078138","tmc [hereA0110] 110-07650",110N07650
74,1,"MA 10116",-128074388,74,16.71,0.10,"CARATOKE HWY","ARK CT","KASSIE LN",SE,"link [hereA0110] -128074388","tmc [hereA0110] 110-07650",110N07650
75,1,"MA 10116",-128074390,75,16.81,0.52,"CARATOKE HWY","KASSIE LN","MARSHALL GRANDY LN",SE,"link [hereA0110] -128074390","tmc [hereA0110] 110-07650",110N07650
76,1,"MA 10116",-128074391,76,17.33,0.09,"CARATOKE HWY","MARSHALL GRANDY LN","MACEDONIA CHURCH RD",SE,"link [hereA0110] -128074391","tmc [hereA0110] 110-07650",110N07650
77,1,"MA 10116",-128074395,77,17.42,0.79,"CARATOKE HWY","MACEDONIA CHURCH RD","DANRUTH LN",SE,"link [hereA0110] -128074395","tmc [hereA0110] 110-08399",110N08399
78,1,"MA 10116",-128074397,78,18.21,0.07,"CARATOKE HWY","DANRUTH LN","ALFRED CT",SE,"link [hereA0110] -128074397","tmc [hereA0110] 110-08399",110N08399
79,1,"MA 10116",-916183842,79,18.28,0.01,"CARATOKE HWY","ALFRED CT",,SE,"link [hereA0110] -916183842","tmc [hereA0110] 110-08399",110N08399
80,1,"MA 10116",-916183841,80,18.30,0.52,"CARATOKE HWY",,"GEBAUER LN",SE,"link [hereA0110] -916183841","tmc [hereA0110] 110-08399",110N08399
81,1,"MA 10116",-108633839,81,18.81,0.15,"CARATOKE HWY","GEBAUER LN",,SE,"link [hereA0110] -108633839","tmc [hereA0110] 110-08399",110N08399
82,1,"MA 10116",-108633838,82,18.96,0.12,"CARATOKE HWY",,"BARNARD RD",SE,"link [hereA0110] -108633838","tmc [hereA0110] 110-08399",110N08399
83,1,"MA 10116",-128074400,83,19.09,0.08,"CARATOKE HWY","BARNARD RD","LEONHAUSER LN",SE,"link [hereA0110] -128074400","tmc [hereA0110] 110-08399",110N08399
84,1,"MA 10116",-128074401,84,19.17,0.31,"CARATOKE HWY","LEONHAUSER LN","DOT SEARS DR",SE,"link [hereA0110] -128074401","tmc [hereA0110] 110-08399",110N08399
85,1,"MA 10116",-90783826,85,19.48,0.12,"CARATOKE HWY","DOT SEARS DR","AUGUSTA DR",SE,"link [hereA0110] -90783826","tmc [hereA0110] 110-08399",110N08399
86,1,"MA 10116",-128074404,86,19.60,0.16,"CARATOKE HWY","AUGUSTA DR","OUTBACK LN",SE,"link [hereA0110] -128074404","tmc [hereA0110] 110-08399",110N08399
87,1,"MA 10116",-128074403,87,19.76,0.15,"CARATOKE HWY","OUTBACK LN",,SE,"link [hereA0110] -128074403","tmc [hereA0110] 110-08399",110N08399
88,1,"MA 10116",-778356038,88,19.91,0.04,"CARATOKE HWY",,,SE,"link [hereA0110] -778356038","tmc [hereA0110] 110-08399",110N08399
89,1,"MA 10116",-778356037,89,19.94,0.06,"CARATOKE HWY",,"CAROLINA CLUB DR",SE,"link [hereA0110] -778356037","tmc [hereA0110] 110-08399",110N08399
90,1,"MA 10116",-128074431,90,20.00,0.05,"CARATOKE HWY","CAROLINA CLUB DR","GRANDY RD",SE,"link [hereA0110] -128074431","tmc [hereA0110] 110-08399",110N08399
91,1,"MA 10116",-128074375,91,20.06,0.29,"CARATOKE HWY","GRANDY RD","CASHIE DR",E,"link [hereA0110] -128074375","tmc [hereA0110] 110-08399",110N08399
92,1,"MA 10116",-128078117,92,20.35,0.07,"CARATOKE HWY","CASHIE DR",,SE,"link [hereA0110] -128078117","tmc [hereA0110] 110-08398",110N08398
93,1,"MA 10116",-128075953,93,20.42,0.07,"CARATOKE HWY",,,SE,"link [hereA0110] -128075953","tmc [hereA0110] 110-08398",110N08398
94,1,"MA 10116",-128074441,94,20.49,0.05,"CARATOKE HWY",,"FORBES LOOP",SE,"link [hereA0110] -128074441","tmc [hereA0110] 110-08398",110N08398
95,1,"MA 10116",-128074440,95,20.54,0.05,"CARATOKE HWY","FORBES LOOP","WALNUT ISLAND BLVD",SE,"link [hereA0110] -128074440","tmc [hereA0110] 110-08398",110N08398
96,1,"MA 10116",-128072803,96,20.58,0.18,"CARATOKE HWY","WALNUT ISLAND BLVD","PINE NEEDLE LN",SE,"link [hereA0110] -128072803","tmc [hereA0110] 110-08398",110N08398
97,2,"MA 10116",128074440,1,0.00,0.05,"CARATOKE HWY","WALNUT ISLAND BLVD","FORBES LOOP",NW,"link [hereA0110] 128074440","tmc [hereA0110] 110+08399",110P08399
98,2,"MA 10116",128074441,2,0.05,0.05,"CARATOKE HWY","FORBES LOOP",,NW,"link [hereA0110] 128074441","tmc [hereA0110] 110+08399",110P08399
99,2,"MA 10116",128075953,3,0.10,0.07,"CARATOKE HWY",,,NW,"link [hereA0110] 128075953","tmc [hereA0110] 110+08399",110P08399
100,2,"MA 10116",128078117,4,0.16,0.07,"CARATOKE HWY",,"CASHIE DR",NW,"link [hereA0110] 128078117","tmc [hereA0110] 110+08399",110P08399
101,2,"MA 10116",128074375,5,0.23,0.29,"CARATOKE HWY","CASHIE DR","GRANDY RD",NW,"link [hereA0110] 128074375","tmc [hereA0110] 110+07650",110P07650
102,2,"MA 10116",128074431,6,0.52,0.05,"CARATOKE HWY","GRANDY RD","CAROLINA CLUB DR",W,"link [hereA0110] 128074431","tmc [hereA0110] 110+07650",110P07650
103,2,"MA 10116",778356037,7,0.58,0.06,"CARATOKE HWY","CAROLINA CLUB DR",,NW,"link [hereA0110] 778356037","tmc [hereA0110] 110+07650",110P07650
104,2,"MA 10116",778356038,8,0.64,0.04,"CARATOKE HWY",,,NW,"link [hereA0110] 778356038","tmc [hereA0110] 110+07650",110P07650
105,2,"MA 10116",128074403,9,0.68,0.15,"CARATOKE HWY",,"OUTBACK LN",NW,"link [hereA0110] 128074403","tmc [hereA0110] 110+07650",110P07650
106,2,"MA 10116",128074404,10,0.83,0.16,"CARATOKE HWY","OUTBACK LN","AUGUSTA DR",NW,"link [hereA0110] 128074404","tmc [hereA0110] 110+07650",110P07650
107,2,"MA 10116",90783826,11,0.98,0.12,"CARATOKE HWY","AUGUSTA DR","DOT SEARS DR",NW,"link [hereA0110] 90783826","tmc [hereA0110] 110+07650",110P07650
108,2,"MA 10116",128074401,12,1.11,0.31,"CARATOKE HWY","DOT SEARS DR","LEONHAUSER LN",NW,"link [hereA0110] 128074401","tmc [hereA0110] 110+07650",110P07650
109,2,"MA 10116",128074400,13,1.42,0.08,"CARATOKE HWY","LEONHAUSER LN","BARNARD RD",NW,"link [hereA0110] 128074400","tmc [hereA0110] 110+07650",110P07650
110,2,"MA 10116",108633838,14,1.50,0.12,"CARATOKE HWY","BARNARD RD",,NW,"link [hereA0110] 108633838","tmc [hereA0110] 110+07650",110P07650
111,2,"MA 10116",108633839,15,1.62,0.15,"CARATOKE HWY",,"GEBAUER LN",NW,"link [hereA0110] 108633839","tmc [hereA0110] 110+07650",110P07650
112,2,"MA 10116",916183841,16,1.77,0.52,"CARATOKE HWY","GEBAUER LN",,NW,"link [hereA0110] 916183841","tmc [hereA0110] 110+07650",110P07650
113,2,"MA 10116",916183842,17,2.29,0.01,"CARATOKE HWY",,"ALFRED CT",NW,"link [hereA0110] 916183842","tmc [hereA0110] 110+07650",110P07650
114,2,"MA 10116",128074397,18,2.30,0.07,"CARATOKE HWY","ALFRED CT","DANRUTH LN",NW,"link [hereA0110] 128074397","tmc [hereA0110] 110+07650",110P07650
115,2,"MA 10116",128074395,19,2.37,0.79,"CARATOKE HWY","DANRUTH LN","MACEDONIA CHURCH RD",NW,"link [hereA0110] 128074395","tmc [hereA0110] 110+07650",110P07650
116,2,"MA 10116",128074391,20,3.16,0.09,"CARATOKE HWY","MACEDONIA CHURCH RD","MARSHALL GRANDY LN",NW,"link [hereA0110] 128074391","tmc [hereA0110] 110+16092",110P16092
117,2,"MA 10116",128074390,21,3.25,0.52,"CARATOKE HWY","MARSHALL GRANDY LN","KASSIE LN",NW,"link [hereA0110] 128074390","tmc [hereA0110] 110+16092",110P16092
118,2,"MA 10116",128074388,22,3.77,0.10,"CARATOKE HWY","KASSIE LN","ARK CT",NW,"link [hereA0110] 128074388","tmc [hereA0110] 110+16092",110P16092
119,2,"MA 10116",128078138,23,3.87,1.66,"CARATOKE HWY","ARK CT",,NW,"link [hereA0110] 128078138","tmc [hereA0110] 110+16092",110P16092
120,2,"MA 10116",128078139,24,5.53,0.09,"CARATOKE HWY",,,NW,"link [hereA0110] 128078139","tmc [hereA0110] 110+16092",110P16092
121,2,"MA 10116",128078140,25,5.62,1.18,"CARATOKE HWY",,"AYDLETT RD",NW,"link [hereA0110] 128078140","tmc [hereA0110] 110+16092",110P16092
122,2,"MA 10116",128074381,26,6.80,0.52,"CARATOKE HWY","AYDLETT RD","MARKERT RD",NW,"link [hereA0110] 128074381","tmc [hereA0110] 110+16092",110P16092
123,2,"MA 10116",128074382,27,7.32,0.26,"CARATOKE HWY","MARKERT RD",,NW,"link [hereA0110] 128074382","tmc [hereA0110] 110+16092",110P16092
124,2,"MA 10116",128072801,28,7.58,0.15,"CARATOKE HWY",,"YOUNG RD",NW,"link [hereA0110] 128072801","tmc [hereA0110] 110+16092",110P16092
125,2,"MA 10116",123634212,29,7.73,0.12,"CARATOKE HWY","YOUNG RD","WATERLILY RD",NW,"link [hereA0110] 123634212","tmc [hereA0110] 110+16092",110P16092
126,2,"MA 10116",113348561,30,7.86,0.03,"CARATOKE HWY","WATERLILY RD",,NW,"link [hereA0110] 113348561","tmc [hereA0110] 110+16092",110P16092
127,2,"MA 10116",108633836,31,7.89,0.17,"CARATOKE HWY",,"JOSEPH PALMER KNAPP BRG",NW,"link [hereA0110] 108633836","tmc [hereA0110] 110+16092",110P16092
128,2,"MA 10116",108633835,32,8.06,0.61,"JOSEPH PALMER KNAPP BRG","CARATOKE HWY","CARATOKE HWY",NW,"link [hereA0110] 108633835","tmc [hereA0110] 110+16092",110P16092
129,2,"MA 10116",128074237,33,8.67,0.57,"CARATOKE HWY","JOSEPH PALMER KNAPP BRG","WORTH GUARD RD",NW,"link [hereA0110] 128074237","tmc [hereA0110] 110+08400",110P08400
130,2,"MA 10116",128074238,34,9.24,0.04,"CARATOKE HWY","WORTH GUARD RD","FULLBRICK LN",N,"link [hereA0110] 128074238","tmc [hereA0110] 110+08400",110P08400
131,2,"MA 10116",128074233,35,9.28,0.04,"CARATOKE HWY","FULLBRICK LN","TRAVIS CT",N,"link [hereA0110] 128074233","tmc [hereA0110] 110+08400",110P08400
132,2,"MA 10116",128074234,36,9.32,0.07,"CARATOKE HWY","TRAVIS CT","COINJOCK ACRES DR",N,"link [hereA0110] 128074234","tmc [hereA0110] 110+08400",110P08400
133,2,"MA 10116",113348558,37,9.38,0.22,"CARATOKE HWY","COINJOCK ACRES DR","COINJOCK VILLAGE DR",NW,"link [hereA0110] 113348558","tmc [hereA0110] 110+08400",110P08400
134,2,"MA 10116",128074230,38,9.60,0.24,"CARATOKE HWY","COINJOCK VILLAGE DR","SIMMONS RD",NW,"link [hereA0110] 128074230","tmc [hereA0110] 110+08400",110P08400
135,2,"MA 10116",128074231,39,9.85,0.69,"CARATOKE HWY","SIMMONS RD",,NW,"link [hereA0110] 128074231","tmc [hereA0110] 110+08400",110P08400
136,2,"MA 10116",108633781,40,10.54,0.09,"CARATOKE HWY",,"CURRITUCK HIGH SCHOOL RD",NW,"link [hereA0110] 108633781","tmc [hereA0110] 110+08400",110P08400
137,2,"MA 10116",1046568603,41,10.63,0.26,"CARATOKE HWY","CURRITUCK HIGH SCHOOL RD",,NW,"link [hereA0110] 1046568603","tmc [hereA0110] 110+08400",110P08400
138,2,"MA 10116",1046568604,42,10.89,0.09,"CARATOKE HWY",,"CURRITUCK HIGH SCHOOL RD",N,"link [hereA0110] 1046568604","tmc [hereA0110] 110+08400",110P08400
139,2,"MA 10116",128078145,43,10.98,0.12,"CARATOKE HWY","CURRITUCK HIGH SCHOOL RD","SAM WILKINS LN",N,"link [hereA0110] 128078145","tmc [hereA0110] 110+08400",110P08400
140,2,"MA 10116",108633779,44,11.10,0.05,"CARATOKE HWY","SAM WILKINS LN",,N,"link [hereA0110] 108633779","tmc [hereA0110] 110+08400",110P08400
141,2,"MA 10116",108633780,45,11.15,0.57,"CARATOKE HWY",,"SIMPSON LN",N,"link [hereA0110] 108633780","tmc [hereA0110] 110+08400",110P08400
142,2,"MA 10116",128072797,46,11.72,0.09,"CARATOKE HWY","SIMPSON LN",,NW,"link [hereA0110] 128072797","tmc [hereA0110] 110+08400",110P08400
143,2,"MA 10116",108633775,47,11.81,0.06,"CARATOKE HWY",,,NW,"link [hereA0110] 108633775","tmc [hereA0110] 110+08400",110P08400
144,2,"MA 10116",108633776,48,11.87,0.08,"CARATOKE HWY",,"SHORTCUT RD",NW,"link [hereA0110] 108633776","tmc [hereA0110] 110+08400",110P08400
145,2,"MA 10116",128066826,49,11.95,0.10,"CARATOKE HWY","SHORTCUT RD",,NW,"link [hereA0110] 128066826","tmc [hereA0110] 110+09302",110P09302
146,2,"MA 10116",128073963,50,12.05,0.17,"CARATOKE HWY",,"PAT'S WAY",NW,"link [hereA0110] 128073963","tmc [hereA0110] 110+09303",110P09303
147,2,"MA 10116",128073964,51,12.23,0.08,"CARATOKE HWY","PAT'S WAY","FYVIE DR",NW,"link [hereA0110] 128073964","tmc [hereA0110] 110+09303",110P09303
148,2,"MA 10116",128073965,52,12.31,0.03,"CARATOKE HWY","FYVIE DR","BARCO RD",NW,"link [hereA0110] 128073965","tmc [hereA0110] 110+09303",110P09303
149,2,"MA 10116",108633771,53,12.34,0.12,"CARATOKE HWY","BARCO RD",,NW,"link [hereA0110] 108633771","tmc [hereA0110] 110+09303",110P09303
150,2,"MA 10116",128073959,54,12.45,0.03,"CARATOKE HWY",,"ED SAWYER LN",NW,"link [hereA0110] 128073959","tmc [hereA0110] 110+09303",110P09303
151,2,"MA 10116",128073958,55,12.49,0.08,"CARATOKE HWY","ED SAWYER LN","MAJORS IS",NW,"link [hereA0110] 128073958","tmc [hereA0110] 110+09303",110P09303
152,2,"MA 10116",128073957,56,12.57,0.01,"CARATOKE HWY","MAJORS IS","ROBERTSON LN",NW,"link [hereA0110] 128073957","tmc [hereA0110] 110+09303",110P09303
153,2,"MA 10116",128075724,57,12.57,0.13,"CARATOKE HWY","ROBERTSON LN",,NW,"link [hereA0110] 128075724","tmc [hereA0110] 110+09303",110P09303
154,2,"MA 10116",128078135,58,12.70,0.76,"CARATOKE HWY",,"BAYSHORE CT",NW,"link [hereA0110] 128078135","tmc [hereA0110] 110+09303",110P09303
155,2,"MA 10116",128078136,59,13.46,0.17,"CARATOKE HWY","BAYSHORE CT","HASTYS LN",NW,"link [hereA0110] 128078136","tmc [hereA0110] 110+09303",110P09303
156,2,"MA 10116",128072791,60,13.63,0.65,"CARATOKE HWY","HASTYS LN",,NW,"link [hereA0110] 128072791","tmc [hereA0110] 110+09303",110P09303
157,2,"MA 10116",90783961,61,14.28,0.11,"CARATOKE HWY",,"MAPLE RD",NW,"link [hereA0110] 90783961","tmc [hereA0110] 110+09303",110P09303
158,2,"MA 10116",108633767,62,14.39,0.16,"CARATOKE HWY","MAPLE RD",,NW,"link [hereA0110] 108633767","tmc [hereA0110] 110+09303",110P09303
159,2,"MA 10116",916342982,63,14.55,0.06,"CARATOKE HWY",,,N,"link [hereA0110] 916342982","tmc [hereA0110] 110+09303",110P09303
160,2,"MA 10116",916342983,64,14.61,0.04,"CARATOKE HWY",,"DELENA LN",N,"link [hereA0110] 916342983","tmc [hereA0110] 110+09303",110P09303
161,2,"MA 10116",128073952,65,14.64,0.04,"CARATOKE HWY","DELENA LN","RATTLE RIDGE LN",N,"link [hereA0110] 128073952","tmc [hereA0110] 110+09303",110P09303
162,2,"MA 10116",128073953,66,14.69,0.07,"CARATOKE HWY","RATTLE RIDGE LN","BRABBLE ST",N,"link [hereA0110] 128073953","tmc [hereA0110] 110+09303",110P09303
163,2,"MA 10116",128072786,67,14.75,0.06,"CARATOKE HWY","BRABBLE ST","CHAMBERLIN LN",N,"link [hereA0110] 128072786","tmc [hereA0110] 110+09303",110P09303
164,2,"MA 10116",128072787,68,14.82,0.23,"CARATOKE HWY","CHAMBERLIN LN","S CURRITUCK RD",N,"link [hereA0110] 128072787","tmc [hereA0110] 110+09303",110P09303
165,2,"MA 10116",90783981,69,15.05,0.37,"CARATOKE HWY","S CURRITUCK RD","TAYLORS RD",N,"link [hereA0110] 90783981","tmc [hereA0110] 110+09303",110P09303
166,2,"MA 10116",128072785,70,15.42,0.47,"CARATOKE HWY","TAYLORS RD","BELLS ISLAND RD",N,"link [hereA0110] 128072785","tmc [hereA0110] 110+09303",110P09303
167,2,"MA 10116",113347866,71,15.89,0.34,"CARATOKE HWY","BELLS ISLAND RD","JBC SHORE RD",N,"link [hereA0110] 113347866","tmc [hereA0110] 110+09303",110P09303
168,2,"MA 10116",916336327,72,16.23,0.02,"CARATOKE HWY","JBC SHORE RD",,N,"link [hereA0110] 916336327","tmc [hereA0110] 110+09303",110P09303
169,2,"MA 10116",1111670415,73,16.25,0.05,"CARATOKE HWY",,"ENCHANTED FOREST DR",N,"link [hereA0110] 1111670415","tmc [hereA0110] 110+09303",110P09303
170,2,"MA 10116",1111670416,74,16.30,0.08,"CARATOKE HWY","ENCHANTED FOREST DR","LAUREL WOODS BLVD",NW,"link [hereA0110] 1111670416","tmc [hereA0110] 110+09303",110P09303
171,2,"MA 10116",1022489215,75,16.38,0.10,"CARATOKE HWY","LAUREL WOODS BLVD","KNAPP CT",NW,"link [hereA0110] 1022489215","tmc [hereA0110] 110+09303",110P09303
172,2,"MA 10116",128073937,76,16.48,0.08,"CARATOKE HWY","KNAPP CT","FERRELL LN",NW,"link [hereA0110] 128073937","tmc [hereA0110] 110+09303",110P09303
173,2,"MA 10116",128073936,77,16.56,0.08,"CARATOKE HWY","FERRELL LN","ROMM PT",NW,"link [hereA0110] 128073936","tmc [hereA0110] 110+09303",110P09303
174,2,"MA 10116",128075963,78,16.63,0.14,"CARATOKE HWY","ROMM PT","COURTHOUSE RD",NW,"link [hereA0110] 128075963","tmc [hereA0110] 110+09303",110P09303
175,2,"MA 10116",90784000,79,16.77,0.02,"CARATOKE HWY","COURTHOUSE RD",,NW,"link [hereA0110] 90784000","tmc [hereA0110] 110+09304",110P09304
176,2,"MA 10116",108633765,80,16.80,0.12,"CARATOKE HWY",,,NW,"link [hereA0110] 108633765","tmc [hereA0110] 110+09304",110P09304
177,2,"MA 10116",108633764,81,16.92,0.27,"CARATOKE HWY",,"COURTHOUSE RD",NW,"link [hereA0110] 108633764","tmc [hereA0110] 110+09304",110P09304
178,2,"MA 10116",128073927,82,17.19,0.00,"CARATOKE HWY","COURTHOUSE RD","GARDNER FARM LN",NW,"link [hereA0110] 128073927","tmc [hereA0110] 110+09304",110P09304
179,2,"MA 10116",1048081938,83,17.19,0.18,"CARATOKE HWY","GARDNER FARM LN",,NW,"link [hereA0110] 1048081938","tmc [hereA0110] 110+09304",110P09304
180,2,"MA 10116",1048081939,84,17.37,0.09,"CARATOKE HWY",,,NW,"link [hereA0110] 1048081939","tmc [hereA0110] 110+09304",110P09304
181,2,"MA 10116",1047857518,85,17.47,0.13,"CARATOKE HWY",,"CURRITUCK SOUND DR",NW,"link [hereA0110] 1047857518","tmc [hereA0110] 110+09304",110P09304
182,2,"MA 10116",128072718,86,17.60,0.21,"CARATOKE HWY","CURRITUCK SOUND DR","N CURRITUCK RD",NW,"link [hereA0110] 128072718","tmc [hereA0110] 110+09304",110P09304
183,2,"MA 10116",123633828,87,17.80,0.45,"CARATOKE HWY","N CURRITUCK RD",,W,"link [hereA0110] 123633828","tmc [hereA0110] 110+09304",110P09304
184,2,"MA 10116",-123633829,88,18.25,0.37,"CARATOKE HWY",,"DOZIER RD",W,"link [hereA0110] -123633829","tmc [hereA0110] 110+09304",110P09304
185,2,"MA 10116",-128072715,89,18.62,1.09,"CARATOKE HWY","DOZIER RD",,W,"link [hereA0110] -128072715","tmc [hereA0110] 110+09304",110P09304
186,2,"MA 10116",-128072716,90,19.71,0.10,"CARATOKE HWY",,"WALNUT DR",W,"link [hereA0110] -128072716","tmc [hereA0110] 110+09304",110P09304
187,2,"MA 10116",-90784008,91,19.81,0.19,"CARATOKE HWY","WALNUT DR","POYNER'S RD",W,"link [hereA0110] -90784008","tmc [hereA0110] 110+09304",110P09304
188,2,"MA 10116",-128077388,92,19.99,0.16,"CARATOKE HWY","POYNER'S RD",,W,"link [hereA0110] -128077388","tmc [hereA0110] 110+09304",110P09304
189,2,"MA 10116",-108633760,93,20.15,0.16,"CARATOKE HWY",,"E RIDGE RD",W,"link [hereA0110] -108633760","tmc [hereA0110] 110+09304",110P09304
190,2,"MA 10116",90784010,94,20.32,0.10,"CARATOKE HWY","E RIDGE RD",NC-34,W,"link [hereA0110] 90784010","tmc [hereA0110] 110+09304",110P09304
191,2,"MA 10116",18634711,95,20.42,0.06,"CARATOKE HWY",NC-34,,W,"link [hereA0110] 18634711","tmc [hereA0110] 110+09304",110P09304
192,3,"MA 10201",767285649,1,0.00,0.09,"E MAIN ST","MCCOTTER BLVD",,NW,"link [hereA0125] 767285649","tmc [hereA0125] 125+07742",125P07742
193,3,"MA 10201",767285650,2,0.09,0.03,"E MAIN ST",,"N SHEPARD ST",NW,"link [hereA0125] 767285650","tmc [hereA0125] 125+07742",125P07742
194,3,"MA 10201",767285643,3,0.12,0.20,"E MAIN ST","N SHEPARD ST",,NW,"link [hereA0125] 767285643","tmc [hereA0125] 125+07742",125P07742
195,3,"MA 10201",767285644,4,0.32,0.04,"E MAIN ST",,"WEBB BLVD",N,"link [hereA0125] 767285644","tmc [hereA0125] 125+07742",125P07742
196,3,"MA 10201",102418625,5,0.36,0.12,"E MAIN ST","WEBB BLVD",,N,"link [hereA0125] 102418625","tmc [hereA0125] 125+07742",125P07742
197,3,"MA 10201",102418581,6,0.47,0.09,"E MAIN ST",,"N NUNN ST",N,"link [hereA0125] 102418581","tmc [hereA0125] 125+07742",125P07742
198,3,"MA 10201",102418578,7,0.57,0.09,"E MAIN ST","N NUNN ST",,N,"link [hereA0125] 102418578","tmc [hereA0125] 125+07742",125P07742
199,3,"MA 10201",765867573,8,0.66,0.03,"E MAIN ST",,"EAST PLZ",N,"link [hereA0125] 765867573","tmc [hereA0125] 125+07742",125P07742
200,3,"MA 10201",767285653,9,0.68,0.05,"E MAIN ST","EAST PLZ","FOREST HILL DR",N,"link [hereA0125] 767285653","tmc [hereA0125] 125+07742",125P07742
201,3,"MA 10201",767285654,10,0.74,0.01,"E MAIN ST","FOREST HILL DR","PINEVIEW ST",N,"link [hereA0125] 767285654","tmc [hereA0125] 125+07742",125P07742
202,3,"MA 10201",767285655,11,0.75,0.08,"E MAIN ST","PINEVIEW ST","DOGWOOD ST",NW,"link [hereA0125] 767285655","tmc [hereA0125] 125+07742",125P07742
203,3,"MA 10201",125076100,12,0.82,0.01,"E MAIN ST","DOGWOOD ST","FAIRVIEW ST",NW,"link [hereA0125] 125076100","tmc [hereA0125] 125+07742",125P07742
204,3,"MA 10201",125076108,13,0.83,0.07,"E MAIN ST","FAIRVIEW ST","CAROLINA ST",NW,"link [hereA0125] 125076108","tmc [hereA0125] 125+07742",125P07742
205,3,"MA 10201",125076109,14,0.91,0.02,"E MAIN ST","CAROLINA ST","ELIZABETH ST",NW,"link [hereA0125] 125076109","tmc [hereA0125] 125+07742",125P07742
206,3,"MA 10201",125076106,15,0.93,0.07,"E MAIN ST","ELIZABETH ST","CHARLES ST",NW,"link [hereA0125] 125076106","tmc [hereA0125] 125+07742",125P07742
207,3,"MA 10201",125076107,16,0.99,0.01,"E MAIN ST","CHARLES ST","VINE ST",NW,"link [hereA0125] 125076107","tmc [hereA0125] 125+07742",125P07742
208,3,"MA 10201",102418352,17,1.01,0.07,"E MAIN ST","VINE ST","JOANN DR",NW,"link [hereA0125] 102418352","tmc [hereA0125] 125+07742",125P07742
209,3,"MA 10201",102418274,18,1.08,0.02,"E MAIN ST","JOANN DR","HOLLYWOOD BLVD",NW,"link [hereA0125] 102418274","tmc [hereA0125] 125+07742",125P07742
210,3,"MA 10201",102953320,19,1.10,0.01,"E MAIN ST","HOLLYWOOD BLVD","SHORT ST",NW,"link [hereA0125] 102953320","tmc [hereA0125] 125+07742",125P07742
211,3,"MA 10201",102953321,20,1.11,0.04,"E MAIN ST","SHORT ST","OAKWOOD DR",NW,"link [hereA0125] 102953321","tmc [hereA0125] 125+07742",125P07742
212,3,"MA 10201",102418269,21,1.15,0.04,"E MAIN ST","OAKWOOD DR","WYNNE RD",NW,"link [hereA0125] 102418269","tmc [hereA0125] 125+07742",125P07742
213,3,"MA 10201",102418267,22,1.19,0.02,"E MAIN ST","WYNNE RD","FORT MACON DR",NW,"link [hereA0125] 102418267","tmc [hereA0125] 125+07742",125P07742
214,3,"MA 10201",767280658,23,1.21,0.04,"E MAIN ST","FORT MACON DR",,NW,"link [hereA0125] 767280658","tmc [hereA0125] 125+07742",125P07742
215,3,"MA 10201",767280659,24,1.25,0.18,"E MAIN ST",,,NW,"link [hereA0125] 767280659","tmc [hereA0125] 125+07742",125P07742
216,3,"MA 10201",102953063,25,1.43,0.04,"E MAIN ST",,"CUNNINGHAM BLVD",N,"link [hereA0125] 102953063","tmc [hereA0125] 125+07742",125P07742
217,3,"MA 10201",102953230,26,1.48,0.03,"E MAIN ST","CUNNINGHAM BLVD",,N,"link [hereA0125] 102953230","tmc [hereA0125] 125+07742",125P07742
218,3,"MA 10201",102953229,27,1.51,0.10,"E MAIN ST",,"JAYCEE ST",NW,"link [hereA0125] 102953229","tmc [hereA0125] 125+06541",125P06541
219,3,"MA 10201",102954480,28,1.61,0.05,"E MAIN ST","JAYCEE ST",,NW,"link [hereA0125] 102954480","tmc [hereA0125] 125+06541",125P06541
220,3,"MA 10201",767280666,29,1.67,0.05,"E MAIN ST",,"ROOSEVELT BLVD",NW,"link [hereA0125] 767280666","tmc [hereA0125] 125+06541",125P06541
221,3,"MA 10201",767280667,30,1.71,0.03,"E MAIN ST","ROOSEVELT BLVD",,NW,"link [hereA0125] 767280667","tmc [hereA0125] 125+06541",125P06541
222,3,"MA 10201",135922491,31,1.74,0.03,"E MAIN ST",,"WOODHAVEN DR",NW,"link [hereA0125] 135922491","tmc [hereA0125] 125+06541",125P06541
223,3,"MA 10201",924221127,32,1.78,0.10,"E MAIN ST","WOODHAVEN DR",,NW,"link [hereA0125] 924221127","tmc [hereA0125] 125+06541",125P06541
224,3,"MA 10201",924221128,33,1.88,0.21,"E MAIN ST",,"W MAIN ST",NW,"link [hereA0125] 924221128","tmc [hereA0125] 125+06541",125P06541
225,3,"MA 10201",767285959,34,2.09,0.04,"W MAIN ST","E MAIN ST",,NW,"link [hereA0125] 767285959","tmc [hereA0125] 125+06541",125P06541
226,3,"MA 10201",767285960,35,2.13,0.14,"W MAIN ST",,"JACKSON DR",NW,"link [hereA0125] 767285960","tmc [hereA0125] 125+06541",125P06541
227,3,"MA 10201",767315461,36,2.27,0.27,"W MAIN ST","JACKSON DR","HOLLY DR",NW,"link [hereA0125] 767315461","tmc [hereA0125] 125+06541",125P06541
228,3,"MA 10201",767315463,37,2.53,0.29,"W MAIN ST","HOLLY DR","CHADWICK AVE",NW,"link [hereA0125] 767315463","tmc [hereA0125] 125+06541",125P06541
229,3,"MA 10201",102417676,38,2.83,0.15,"W MAIN ST","CHADWICK AVE",US-70,NW,"link [hereA0125] 102417676","tmc [hereA0125] 125+06541",125P06541
230,3,"MA 10201",125331361,39,2.98,0.02,US-70,"W MAIN ST",,W,"link [hereA0125] 125331361","tmc [hereA0125] 125+06541",125P06541
231,3,"MA 10201",738164884,40,3.00,0.04,US-70,,,W,"link [hereA0125] 738164884","tmc [hereA0125] 125+06541",125P06541
232,3,"MA 10201",102417671,41,3.04,0.07,US-70,,"US-70 W",W,"link [hereA0125] 102417671","tmc [hereA0125] 125+06541",125P06541
233,3,"MA 10201",767316828,42,3.10,0.06,US-70,"US-70 W",,W,"link [hereA0125] 767316828","tmc [hereA0125] 125+06541",125P06541
234,3,"MA 10201",767316829,43,3.17,0.03,US-70,,,W,"link [hereA0125] 767316829","tmc [hereA0125] 125+06541",125P06541
235,3,"MA 10201",767316830,44,3.20,0.28,US-70,,"STONEBRIDGE TRL",W,"link [hereA0125] 767316830","tmc [hereA0125] 125+06541",125P06541
236,3,"MA 10201",767317743,45,3.48,0.24,US-70,"STONEBRIDGE TRL","KETNER BLVD",W,"link [hereA0125] 767317743","tmc [hereA0125] 125+06541",125P06541
237,3,"MA 10201",767317744,46,3.71,0.21,US-70,"KETNER BLVD",,W,"link [hereA0125] 767317744","tmc [hereA0125] 125+06541",125P06541
238,3,"MA 10201",767317745,47,3.92,0.02,US-70,,,W,"link [hereA0125] 767317745","tmc [hereA0125] 125+06541",125P06541
239,3,"MA 10201",767317749,48,3.95,0.21,US-70,,,W,"link [hereA0125] 767317749","tmc [hereA0125] 125+06541",125P06541
240,3,"MA 10201",767317750,49,4.16,0.03,US-70,,,W,"link [hereA0125] 767317750","tmc [hereA0125] 125+06541",125P06541
241,3,"MA 10201",125318836,50,4.18,0.22,US-70,,,W,"link [hereA0125] 125318836","tmc [hereA0125] 125+06541",125P06541
242,3,"MA 10201",125318830,51,4.40,0.14,US-70,,"CATAWBA RD",W,"link [hereA0125] 125318830","tmc [hereA0125] 125+06541",125P06541
243,3,"MA 10201",767326669,52,4.55,0.32,US-70,"CATAWBA RD",,W,"link [hereA0125] 767326669","tmc [hereA0125] 125+06541",125P06541
244,3,"MA 10201",767326677,53,4.86,0.25,US-70,,"SLOCUM RD",W,"link [hereA0125] 767326677","tmc [hereA0125] 125+06541",125P06541
245,3,"MA 10201",125330729,54,5.12,0.06,US-70,"SLOCUM RD",,W,"link [hereA0125] 125330729","tmc [hereA0125] 125+06541",125P06541
246,3,"MA 10201",125330730,55,5.18,0.16,US-70,,"MCDONALD BLVD",W,"link [hereA0125] 125330730","tmc [hereA0125] 125+06541",125P06541
247,3,"MA 10201",767329264,56,5.34,0.53,US-70,"MCDONALD BLVD",,W,"link [hereA0125] 767329264","tmc [hereA0125] 125+06541",125P06541
248,4,"MA 10201",-767319945,1,0.00,0.20,US-70,,"HICKMAN HILL LOOP RD",E,"link [hereA0125] -767319945","tmc [hereA0125] 125-07742",125N07742
249,4,"MA 10201",-102417603,2,0.20,0.10,US-70,"HICKMAN HILL LOOP RD",,E,"link [hereA0125] -102417603","tmc [hereA0125] 125-07742",125N07742
250,4,"MA 10201",-118912731,3,0.30,0.43,US-70,,"MCDONALD BLVD",E,"link [hereA0125] -118912731","tmc [hereA0125] 125-07742",125N07742
251,4,"MA 10201",-118912732,4,0.73,0.22,US-70,"MCDONALD BLVD","SLOCUM RD",E,"link [hereA0125] -118912732","tmc [hereA0125] 125-07742",125N07742
252,4,"MA 10201",-767326676,5,0.96,0.26,US-70,"SLOCUM RD",,E,"link [hereA0125] -767326676","tmc [hereA0125] 125-07742",125N07742
253,4,"MA 10201",-767326671,6,1.21,0.05,US-70,,,E,"link [hereA0125] -767326671","tmc [hereA0125] 125-07742",125N07742
254,4,"MA 10201",-102954472,7,1.26,0.27,US-70,,"GREENFIELD HEIGHTS BLVD",E,"link [hereA0125] -102954472","tmc [hereA0125] 125-07742",125N07742
255,4,"MA 10201",-767326666,8,1.53,0.11,US-70,"GREENFIELD HEIGHTS BLVD",,E,"link [hereA0125] -767326666","tmc [hereA0125] 125-07742",125N07742
256,4,"MA 10201",-767326667,9,1.64,0.23,US-70,,,E,"link [hereA0125] -767326667","tmc [hereA0125] 125-07742",125N07742
257,4,"MA 10201",-767317751,10,1.87,0.03,US-70,,,E,"link [hereA0125] -767317751","tmc [hereA0125] 125-07742",125N07742
258,4,"MA 10201",-767317748,11,1.89,0.20,US-70,,,E,"link [hereA0125] -767317748","tmc [hereA0125] 125-07742",125N07742
259,4,"MA 10201",-767317746,12,2.10,0.03,US-70,,,E,"link [hereA0125] -767317746","tmc [hereA0125] 125-07742",125N07742
260,4,"MA 10201",-102417626,13,2.13,0.23,US-70,,,E,"link [hereA0125] -102417626","tmc [hereA0125] 125-07742",125N07742
261,4,"MA 10201",-767317742,14,2.36,0.24,US-70,,,E,"link [hereA0125] -767317742","tmc [hereA0125] 125-07742",125N07742
262,4,"MA 10201",-767316831,15,2.60,0.28,US-70,,,E,"link [hereA0125] -767316831","tmc [hereA0125] 125-07742",125N07742
263,4,"MA 10201",-767315460,16,2.88,0.09,US-70,,,E,"link [hereA0125] -767315460","tmc [hereA0125] 125-07742",125N07742
264,4,"MA 10201",-767315459,17,2.97,0.05,US-70,,,E,"link [hereA0125] -767315459","tmc [hereA0125] 125-07742",125N07742
265,4,"MA 10201",-767315457,18,3.03,0.07,US-70,,"W MAIN ST",E,"link [hereA0125] -767315457","tmc [hereA0125] 125-07742",125N07742
266,4,"MA 10201",-102417675,19,3.10,0.15,"W MAIN ST",US-70,,SE,"link [hereA0125] -102417675","tmc [hereA0125] 125-07742",125N07742
267,4,"MA 10201",-767315464,20,3.25,0.29,"W MAIN ST",,"TRADER AVE",SE,"link [hereA0125] -767315464","tmc [hereA0125] 125-07742",125N07742
268,4,"MA 10201",-767315462,21,3.55,0.27,"W MAIN ST","TRADER AVE","JACKSON DR",SE,"link [hereA0125] -767315462","tmc [hereA0125] 125-07742",125N07742
269,4,"MA 10201",-767285960,22,3.82,0.14,"W MAIN ST","JACKSON DR",,SE,"link [hereA0125] -767285960","tmc [hereA0125] 125-07742",125N07742
270,4,"MA 10201",-767285959,23,3.95,0.04,"W MAIN ST",,"E MAIN ST",SE,"link [hereA0125] -767285959","tmc [hereA0125] 125-07742",125N07742
271,4,"MA 10201",-924221128,24,3.99,0.21,"E MAIN ST","W MAIN ST",,SE,"link [hereA0125] -924221128","tmc [hereA0125] 125-07742",125N07742
272,4,"MA 10201",-924221127,25,4.21,0.10,"E MAIN ST",,"WOODHAVEN DR",SE,"link [hereA0125] -924221127","tmc [hereA0125] 125-07742",125N07742
273,4,"MA 10201",-135922491,26,4.31,0.03,"E MAIN ST","WOODHAVEN DR",,SE,"link [hereA0125] -135922491","tmc [hereA0125] 125-07742",125N07742
274,4,"MA 10201",-767280667,27,4.34,0.03,"E MAIN ST",,"ROOSEVELT BLVD",SE,"link [hereA0125] -767280667","tmc [hereA0125] 125-07742",125N07742
275,4,"MA 10201",-767280666,28,4.37,0.05,"E MAIN ST","ROOSEVELT BLVD",,SE,"link [hereA0125] -767280666","tmc [hereA0125] 125-07742",125N07742
276,4,"MA 10201",-102954480,29,4.42,0.05,"E MAIN ST",,"JAYCEE ST",SE,"link [hereA0125] -102954480","tmc [hereA0125] 125-07742",125N07742
277,4,"MA 10201",-102953229,30,4.47,0.10,"E MAIN ST","JAYCEE ST",,SE,"link [hereA0125] -102953229","tmc [hereA0125] 125-07742",125N07742
278,4,"MA 10201",-102953230,31,4.57,0.03,"E MAIN ST",,"CUNNINGHAM BLVD",S,"link [hereA0125] -102953230","tmc [hereA0125] 125-07742",125N07742
279,4,"MA 10201",-102953063,32,4.60,0.04,"E MAIN ST","CUNNINGHAM BLVD",,SE,"link [hereA0125] -102953063","tmc [hereA0125] 125-07742",125N07742
280,4,"MA 10201",-767280659,33,4.65,0.18,"E MAIN ST",,,S,"link [hereA0125] -767280659","tmc [hereA0125] 125-07743",125N07743
281,4,"MA 10201",-767280658,34,4.83,0.04,"E MAIN ST",,"FORT MACON DR",SE,"link [hereA0125] -767280658","tmc [hereA0125] 125-07743",125N07743
282,4,"MA 10201",-102418267,35,4.87,0.02,"E MAIN ST","FORT MACON DR","WYNNE RD",SE,"link [hereA0125] -102418267","tmc [hereA0125] 125-07743",125N07743
283,4,"MA 10201",-102418269,36,4.89,0.04,"E MAIN ST","WYNNE RD","OAKWOOD DR",SE,"link [hereA0125] -102418269","tmc [hereA0125] 125-07743",125N07743
284,4,"MA 10201",-102953321,37,4.93,0.04,"E MAIN ST","OAKWOOD DR","SHORT ST",SE,"link [hereA0125] -102953321","tmc [hereA0125] 125-07743",125N07743
285,4,"MA 10201",-102953320,38,4.97,0.01,"E MAIN ST","SHORT ST","HOLLYWOOD BLVD",SE,"link [hereA0125] -102953320","tmc [hereA0125] 125-07743",125N07743
286,4,"MA 10201",-102418274,39,4.98,0.02,"E MAIN ST","HOLLYWOOD BLVD","JOANN DR",SE,"link [hereA0125] -102418274","tmc [hereA0125] 125-07743",125N07743
287,4,"MA 10201",-102418352,40,5.00,0.07,"E MAIN ST","JOANN DR","VINE ST",SE,"link [hereA0125] -102418352","tmc [hereA0125] 125-07743",125N07743
288,4,"MA 10201",-125076107,41,5.07,0.01,"E MAIN ST","VINE ST","CHARLES ST",SE,"link [hereA0125] -125076107","tmc [hereA0125] 125-07743",125N07743
289,4,"MA 10201",-125076106,42,5.09,0.07,"E MAIN ST","CHARLES ST","ELIZABETH ST",SE,"link [hereA0125] -125076106","tmc [hereA0125] 125-07743",125N07743
290,4,"MA 10201",-125076109,43,5.15,0.02,"E MAIN ST","ELIZABETH ST","CAROLINA ST",SE,"link [hereA0125] -125076109","tmc [hereA0125] 125-07743",125N07743
291,4,"MA 10201",-125076108,44,5.17,0.07,"E MAIN ST","CAROLINA ST","FAIRVIEW ST",SE,"link [hereA0125] -125076108","tmc [hereA0125] 125-07743",125N07743
292,4,"MA 10201",-125076100,45,5.25,0.01,"E MAIN ST","FAIRVIEW ST","DOGWOOD ST",SE,"link [hereA0125] -125076100","tmc [hereA0125] 125-07743",125N07743
293,4,"MA 10201",-767285655,46,5.26,0.08,"E MAIN ST","DOGWOOD ST","PINEVIEW ST",SE,"link [hereA0125] -767285655","tmc [hereA0125] 125-07743",125N07743
294,4,"MA 10201",-767285654,47,5.33,0.01,"E MAIN ST","PINEVIEW ST","FOREST HILL DR",S,"link [hereA0125] -767285654","tmc [hereA0125] 125-07743",125N07743
295,4,"MA 10201",-767285652,48,5.35,0.05,"E MAIN ST","FOREST HILL DR",,S,"link [hereA0125] -767285652","tmc [hereA0125] 125-07743",125N07743
296,4,"MA 10201",-765919413,49,5.40,0.03,"E MAIN ST",,"BRYAN ST",S,"link [hereA0125] -765919413","tmc [hereA0125] 125-07743",125N07743
297,4,"MA 10201",-102418579,50,5.42,0.09,"E MAIN ST","BRYAN ST","NUNN ST",S,"link [hereA0125] -102418579","tmc [hereA0125] 125-07743",125N07743
298,4,"MA 10201",-102418580,51,5.51,0.10,"E MAIN ST","NUNN ST","SPEIGHT ST",S,"link [hereA0125] -102418580","tmc [hereA0125] 125-07743",125N07743
299,4,"MA 10201",-102418624,52,5.61,0.09,"E MAIN ST","SPEIGHT ST",,S,"link [hereA0125] -102418624","tmc [hereA0125] 125-07743",125N07743
300,4,"MA 10201",-767285645,53,5.70,0.03,"E MAIN ST",,,S,"link [hereA0125] -767285645","tmc [hereA0125] 125-07743",125N07743
301,4,"MA 10201",-767285648,54,5.72,0.21,"E MAIN ST",,,S,"link [hereA0125] -767285648","tmc [hereA0125] 125-07743",125N07743
302,4,"MA 10201",-767285647,55,5.93,0.03,"E MAIN ST",,"SHEPARD ST",SE,"link [hereA0125] -767285647","tmc [hereA0125] 125-07743",125N07743
303,4,"MA 10201",-102418725,56,5.96,0.02,"E MAIN ST","SHEPARD ST",,SE,"link [hereA0125] -102418725","tmc [hereA0125] 125-07743",125N07743
304,4,"MA 10201",-102418724,57,5.99,0.10,"E MAIN ST",,"MCCOTTER BLVD",SE,"link [hereA0125] -102418724","tmc [hereA0125] 125-07743",125N07743
305,5,"MA 103011",125314862,1,0.00,0.15,"SOUTHEAST BLVD","ROWAN RD","SOUTHWEST BLVD",NW,"link [hereA0125] 125314862","tmc [hereA0125] 125+06927",125P06927
306,5,"MA 103011",125314860,2,0.15,0.19,"SOUTHEAST BLVD","SOUTHWEST BLVD","ROBINSON RD",NW,"link [hereA0125] 125314860","tmc [hereA0125] 125+06927",125P06927
307,5,"MA 103011",102387222,3,0.34,0.18,"SOUTHEAST BLVD","ROBINSON RD",,NW,"link [hereA0125] 102387222","tmc [hereA0125] 125+06927",125P06927
308,5,"MA 103011",102387225,4,0.53,0.08,"SOUTHEAST BLVD",,"COMMERCE ST",N,"link [hereA0125] 102387225","tmc [hereA0125] 125+06927",125P06927
309,5,"MA 103011",102387226,5,0.61,0.23,"SOUTHEAST BLVD","COMMERCE ST","MARTIN LUTHER KING JR BLVD",N,"link [hereA0125] 102387226","tmc [hereA0125] 125+06927",125P06927
310,5,"MA 103011",109854800,6,0.84,0.04,"SOUTHEAST BLVD","MARTIN LUTHER KING JR BLVD",,N,"link [hereA0125] 109854800","tmc [hereA0125] 125+06555",125P06555
311,5,"MA 103011",924030960,7,0.88,0.15,"SOUTHEAST BLVD",,,N,"link [hereA0125] 924030960","tmc [hereA0125] 125+06555",125P06555
312,5,"MA 103011",924030961,8,1.03,0.01,"SOUTHEAST BLVD",,"E RAILROAD ST",N,"link [hereA0125] 924030961","tmc [hereA0125] 125+06555",125P06555
313,5,"MA 103011",102387228,9,1.03,0.20,"SOUTHEAST BLVD","E RAILROAD ST","WARSAW RD",N,"link [hereA0125] 102387228","tmc [hereA0125] 125+06555",125P06555
314,5,"MA 103011",22941690,10,1.23,0.13,"SOUTHEAST BLVD","WARSAW RD","PUGH RD",N,"link [hereA0125] 22941690","tmc [hereA0125] 125+09081",125P09081
315,5,"MA 103011",102385458,11,1.37,0.05,"SOUTHEAST BLVD","PUGH RD","ROBINSON LN",N,"link [hereA0125] 102385458","tmc [hereA0125] 125+09081",125P09081
316,5,"MA 103011",109849811,12,1.42,0.45,"SOUTHEAST BLVD","ROBINSON LN","FAISON HWY",N,"link [hereA0125] 109849811","tmc [hereA0125] 125+09081",125P09081
317,5,"MA 103011",102385462,13,1.87,0.10,"NORTHEAST BLVD","FAISON HWY","UNDERWOOD ST",NW,"link [hereA0125] 102385462","tmc [hereA0125] 125+09082",125P09082
318,5,"MA 103011",125314857,14,1.97,0.08,"NORTHEAST BLVD","UNDERWOOD ST",,NW,"link [hereA0125] 125314857","tmc [hereA0125] 125+09082",125P09082
319,5,"MA 103011",125314858,15,2.05,0.04,"NORTHEAST BLVD",,,NW,"link [hereA0125] 125314858","tmc [hereA0125] 125+09082",125P09082
320,5,"MA 103011",125314856,16,2.09,0.02,"NORTHEAST BLVD",,"RALEIGH RD",NW,"link [hereA0125] 125314856","tmc [hereA0125] 125+09082",125P09082
321,5,"MA 103011",102385468,17,2.11,0.06,"NORTHEAST BLVD","RALEIGH RD","PEACHTREE RD",NW,"link [hereA0125] 102385468","tmc [hereA0125] 125+09082",125P09082
322,5,"MA 103011",102385470,18,2.16,0.16,"NORTHEAST BLVD","PEACHTREE RD","SMITH ST",NW,"link [hereA0125] 102385470","tmc [hereA0125] 125+09082",125P09082
323,5,"MA 103011",102385472,19,2.32,0.10,"NORTHEAST BLVD","SMITH ST","WILLOW RD",NW,"link [hereA0125] 102385472","tmc [hereA0125] 125+09082",125P09082
324,5,"MA 103011",102385474,20,2.42,0.03,"NORTHEAST BLVD","WILLOW RD","WILSON ST",NW,"link [hereA0125] 102385474","tmc [hereA0125] 125+09082",125P09082
325,5,"MA 103011",125314700,21,2.45,0.07,"NORTHEAST BLVD","WILSON ST","PARK AVE",NW,"link [hereA0125] 125314700","tmc [hereA0125] 125+09082",125P09082
326,5,"MA 103011",125314701,22,2.52,0.01,"NORTHEAST BLVD","PARK AVE","PETERSON ST",NW,"link [hereA0125] 125314701","tmc [hereA0125] 125+09082",125P09082
327,5,"MA 103011",102385479,23,2.53,0.07,"NORTHEAST BLVD","PETERSON ST","GROVE ST",NW,"link [hereA0125] 102385479","tmc [hereA0125] 125+09082",125P09082
328,5,"MA 103011",102385480,24,2.61,0.03,"NORTHEAST BLVD","GROVE ST","KIMBROUGH RD",NW,"link [hereA0125] 102385480","tmc [hereA0125] 125+09082",125P09082
329,5,"MA 103011",102385460,25,2.64,0.17,"NORTHEAST BLVD","KIMBROUGH RD","MCARTHUR LN",NW,"link [hereA0125] 102385460","tmc [hereA0125] 125+09082",125P09082
330,5,"MA 103011",102385461,26,2.81,0.15,"NORTHEAST BLVD","MCARTHUR LN","ISAAC WEEKS RD",NW,"link [hereA0125] 102385461","tmc [hereA0125] 125+09082",125P09082
331,5,"MA 103011",125314687,27,2.96,0.02,"NORTHEAST BLVD","ISAAC WEEKS RD",,NW,"link [hereA0125] 125314687","tmc [hereA0125] 125+06929",125P06929
332,6,"MA 103011",-125314687,1,0.00,0.02,"NORTHEAST BLVD",,"ISAAC WEEKS RD",SE,"link [hereA0125] -125314687","tmc [hereA0125] 125-09082",125N09082
333,6,"MA 103011",-102385461,2,0.02,0.15,"NORTHEAST BLVD","ISAAC WEEKS RD","MCARTHUR LN",SE,"link [hereA0125] -102385461","tmc [hereA0125] 125-09081",125N09081
334,6,"MA 103011",-102385460,3,0.17,0.17,"NORTHEAST BLVD","MCARTHUR LN","KIMBROUGH RD",SE,"link [hereA0125] -102385460","tmc [hereA0125] 125-09081",125N09081
335,6,"MA 103011",-102385480,4,0.34,0.03,"NORTHEAST BLVD","KIMBROUGH RD","GROVE ST",SE,"link [hereA0125] -102385480","tmc [hereA0125] 125-09081",125N09081
336,6,"MA 103011",-102385479,5,0.37,0.07,"NORTHEAST BLVD","GROVE ST","PETERSON ST",SE,"link [hereA0125] -102385479","tmc [hereA0125] 125-09081",125N09081
337,6,"MA 103011",-125314701,6,0.45,0.01,"NORTHEAST BLVD","PETERSON ST","PARK AVE",SE,"link [hereA0125] -125314701","tmc [hereA0125] 125-09081",125N09081
338,6,"MA 103011",-125314700,7,0.46,0.07,"NORTHEAST BLVD","PARK AVE","WILSON ST",SE,"link [hereA0125] -125314700","tmc [hereA0125] 125-09081",125N09081
339,6,"MA 103011",-102385474,8,0.53,0.03,"NORTHEAST BLVD","WILSON ST","WILLOW RD",SE,"link [hereA0125] -102385474","tmc [hereA0125] 125-09081",125N09081
340,6,"MA 103011",-102385472,9,0.56,0.10,"NORTHEAST BLVD","WILLOW RD","SMITH ST",SE,"link [hereA0125] -102385472","tmc [hereA0125] 125-09081",125N09081
341,6,"MA 103011",-102385470,10,0.66,0.16,"NORTHEAST BLVD","SMITH ST","PEACHTREE RD",SE,"link [hereA0125] -102385470","tmc [hereA0125] 125-09081",125N09081
342,6,"MA 103011",-102385468,11,0.82,0.06,"NORTHEAST BLVD","PEACHTREE RD","RALEIGH RD",SE,"link [hereA0125] -102385468","tmc [hereA0125] 125-09081",125N09081
343,6,"MA 103011",-125314856,12,0.87,0.02,"NORTHEAST BLVD","RALEIGH RD",,SE,"link [hereA0125] -125314856","tmc [hereA0125] 125-09081",125N09081
344,6,"MA 103011",-125314858,13,0.89,0.04,"NORTHEAST BLVD",,,SE,"link [hereA0125] -125314858","tmc [hereA0125] 125-09081",125N09081
345,6,"MA 103011",-125314857,14,0.93,0.08,"NORTHEAST BLVD",,"UNDERWOOD ST",SE,"link [hereA0125] -125314857","tmc [hereA0125] 125-09081",125N09081
346,6,"MA 103011",-102385462,15,1.01,0.10,"NORTHEAST BLVD","UNDERWOOD ST","FAISON HWY",SE,"link [hereA0125] -102385462","tmc [hereA0125] 125-09081",125N09081
347,6,"MA 103011",-109849811,16,1.11,0.45,"SOUTHEAST BLVD","FAISON HWY","ROBINSON LN",SE,"link [hereA0125] -109849811","tmc [hereA0125] 125-06928",125N06928
348,6,"MA 103011",-102385458,17,1.56,0.05,"SOUTHEAST BLVD","ROBINSON LN","PUGH RD",S,"link [hereA0125] -102385458","tmc [hereA0125] 125-06928",125N06928
349,6,"MA 103011",-22941690,18,1.61,0.13,"SOUTHEAST BLVD","PUGH RD","WARSAW RD",S,"link [hereA0125] -22941690","tmc [hereA0125] 125-06928",125N06928
350,6,"MA 103011",-102387228,19,1.74,0.20,"SOUTHEAST BLVD","WARSAW RD","E RAILROAD ST",S,"link [hereA0125] -102387228","tmc [hereA0125] 125-06927",125N06927
351,6,"MA 103011",-924030961,20,1.95,0.01,"SOUTHEAST BLVD","E RAILROAD ST",,S,"link [hereA0125] -924030961","tmc [hereA0125] 125-06927",125N06927
352,6,"MA 103011",-924030960,21,1.95,0.15,"SOUTHEAST BLVD",,,S,"link [hereA0125] -924030960","tmc [hereA0125] 125-06927",125N06927
353,6,"MA 103011",-109854800,22,2.10,0.04,"SOUTHEAST BLVD",,"MARTIN LUTHER KING JR BLVD",S,"link [hereA0125] -109854800","tmc [hereA0125] 125-06927",125N06927
354,6,"MA 103011",-102387226,23,2.14,0.23,"SOUTHEAST BLVD","MARTIN LUTHER KING JR BLVD","COMMERCE ST",S,"link [hereA0125] -102387226","tmc [hereA0125] 125-06926",125N06926
355,6,"MA 103011",-102387225,24,2.37,0.08,"SOUTHEAST BLVD","COMMERCE ST",,SE,"link [hereA0125] -102387225","tmc [hereA0125] 125-06926",125N06926
356,6,"MA 103011",-102387222,25,2.45,0.18,"SOUTHEAST BLVD",,"ROBINSON RD",S,"link [hereA0125] -102387222","tmc [hereA0125] 125-06926",125N06926
357,6,"MA 103011",-125314860,26,2.64,0.19,"SOUTHEAST BLVD","ROBINSON RD","SOUTHWEST BLVD",SE,"link [hereA0125] -125314860","tmc [hereA0125] 125-06926",125N06926
358,6,"MA 103011",-125314862,27,2.82,0.15,"SOUTHEAST BLVD","SOUTHWEST BLVD","ROWAN RD",SE,"link [hereA0125] -125314862","tmc [hereA0125] 125-06926",125N06926
